Username,Post Count,Post Count,Post Count.1,Post Count.1.1,Post Count.1.1.1,Post Count.1.1.1.1,Post Count.1.1.1.1.1,Post Count.1.1.1.1.1.1,Follower Count
24mao,1616,1616,1616,1616,1616,1616,1616,1616,2894
_.denise.marie._,721,721,721,721,721,721,721,721,16573
__callmedana,542,542,542,542,542,542,542,542,4385
__mell.y.__,224,224,224,224,224,224,224,224,2233
_jovvita_,99,99,99,99,99,99,99,99,1123
_kasia9004_,2,2,2,2,2,2,2,2,2199
_mafact_,301,301,301,301,301,301,301,301,5087
abi_dickmann,51,51,51,51,51,51,51,51,1025
abi_lou89,187,187,187,187,187,187,187,187,1625
adamrollo,306,306,306,306,306,306,306,306,1162
adutchrobin,63,63,63,63,63,63,63,63,5167
alinabarsx,259,259,259,259,259,259,259,259,1660
alisawinkler,343,343,343,343,343,343,343,343,8711
amandabaldin,529,529,529,529,529,529,529,529,19423
ana_bistis_g,1059,1059,1059,1059,1059,1059,1059,1059,1867
andrewbylina,21,21,21,21,21,21,21,21,270
angelo.carlucci,563,563,563,563,563,563,563,563,652490
aniamosiejczuk,25,25,25,25,25,25,25,25,95156
anitarunner,1061,1061,1061,1061,1061,1061,1061,1061,3201
annafinessi,131,131,131,131,131,131,131,131,1031
anushree.bhattacharya_,107,107,107,107,107,107,107,107,142748
anwaythisside,42,42,42,42,42,42,42,42,306
apriljjackson,1016,1016,1016,1016,1016,1016,1016,1016,3260
apurdygoldendoodle,69,69,69,69,69,69,69,69,168
bambergbob,181,181,181,181,181,181,181,181,378
beccaejohns,677,677,677,677,677,677,677,677,1081
benfish_,87,87,87,87,87,87,87,87,158
benrussell47photography,199,199,199,199,199,199,199,199,210
cakesncycles,65,65,65,65,65,65,65,65,2648
carolina_uk_,206,206,206,206,206,206,206,206,11386
chris_momo_lifestyle,477,477,477,477,477,477,477,477,6530
clemence.rvlln,94,94,94,94,94,94,94,94,1867
crazee_canadia,203,203,203,203,203,203,203,203,71
cristinacristea27,117,117,117,117,117,117,117,117,21053
czarnula19coco,200,200,200,200,200,200,200,200,116809
dallafit_doza,1454,1454,1454,1454,1454,1454,1454,1454,21611
danamly,641,641,641,641,641,641,641,641,107054
danijelaknezevic,25,25,25,25,25,25,25,25,2531
darrsea,325,325,325,325,325,325,325,325,6401
datcassdoeee,209,209,209,209,209,209,209,209,92719
definitelyfrench,108,108,108,108,108,108,108,108,12243
deniskozhukhovofficial,46,46,46,46,46,46,46,46,73837
dionedanielle,952,952,952,952,952,952,952,952,18249
doctor.gerardo,478,478,478,478,478,478,478,478,23524
dr.hoomir,24,24,24,24,24,24,24,24,188
ecenayman,460,460,460,460,460,460,460,460,4183
eela.ne,10,10,10,10,10,10,10,10,1120
elisafrompisa,315,315,315,315,315,315,315,315,345
evarbcast,471,471,471,471,471,471,471,471,756
evarbcast,471,471,471,471,471,471,471,471,756
forgoodnesskate,631,631,631,631,631,631,631,631,24452
fran.ncesca,47,47,47,47,47,47,47,47,2729
franco.corleonee,103,103,103,103,103,103,103,103,1402
gennitran,70,70,70,70,70,70,70,70,2869
giancarlomir,380,380,380,380,380,380,380,380,1308
hannah_woodcock,1795,1795,1795,1795,1795,1795,1795,1795,10832
hannahlhawkins,135,135,135,135,135,135,135,135,574
hanuhkate,256,256,256,256,256,256,256,256,1035
hleejla,124,124,124,124,124,124,124,124,1452
intibint,37,37,37,37,37,37,37,37,9496
iphy17,615,615,615,615,615,615,615,615,8224
irisdy01,366,366,366,366,366,366,366,366,245
itsbeyzo,59,59,59,59,59,59,59,59,102359
jaimiegardner,453,453,453,453,453,453,453,453,10695
jonathanmillerjam,56,56,56,56,56,56,56,56,99
jonjohnieee,93,93,93,93,93,93,93,93,266
jony_yagua,619,619,619,619,619,619,619,619,10588
joshualindeberg,375,375,375,375,375,375,375,375,546
julesrees19,307,307,307,307,307,307,307,307,2216
just_anemarie_photography,358,358,358,358,358,358,358,358,9140
kamalrazvi,999,999,999,999,999,999,999,999,481
katemariexo1,427,427,427,427,427,427,427,427,1037
kirikaija,70,70,70,70,70,70,70,70,15686
kirkilou7,1096,1096,1096,1096,1096,1096,1096,1096,1547
kiwibear_,13,13,13,13,13,13,13,13,1970
kristy.ehmer,74,74,74,74,74,74,74,74,2452
kuzniarska_acha,17,17,17,17,17,17,17,17,2106
lallaboooo,509,509,509,509,509,509,509,509,835
laurengracelife,1459,1459,1459,1459,1459,1459,1459,1459,40307
laurennoneill,391,391,391,391,391,391,391,391,2720
laurentessa12,428,428,428,428,428,428,428,428,11362
ldnbyshane,433,433,433,433,433,433,433,433,6119
lewis_jackson97,104,104,104,104,104,104,104,104,3641
liss.pups,178,178,178,178,178,178,178,178,1773
lola.roses,281,281,281,281,281,281,281,281,4377
londonviewpoints,3073,3073,3073,3073,3073,3073,3073,3073,137727
lopezzemelie,1,1,1,1,1,1,1,1,1400
lozzy_locks,518,518,518,518,518,518,518,518,5506
lucia.v.83,381,381,381,381,381,381,381,381,1237
lucia.v.83,381,381,381,381,381,381,381,381,1237
maddie.in.motion,214,214,214,214,214,214,214,214,961
manontravelaroundx,33,33,33,33,33,33,33,33,6362
manuelfrigerio.real,107,107,107,107,107,107,107,107,4111
mariaannagialdi,51,51,51,51,51,51,51,51,2962
marisemeniuk,8,8,8,8,8,8,8,8,2748
mary_underheaven,117,117,117,117,117,117,117,117,457
mayal_ondon,53,53,53,53,53,53,53,53,12390
melaniehfl,448,448,448,448,448,448,448,448,73776
melhrn_,68,68,68,68,68,68,68,68,1834
meredithtx,1216,1216,1216,1216,1216,1216,1216,1216,10607
mers8655,40,40,40,40,40,40,40,40,86
mo.n.i.e,731,731,731,731,731,731,731,731,10298
moi_taiga,44,44,44,44,44,44,44,44,528
nadine_r_1207,138,138,138,138,138,138,138,138,4767
nataliereneekirk,701,701,701,701,701,701,701,701,101956
nnfsnapshots,382,382,382,382,382,382,382,382,2866
odh_xx,98,98,98,98,98,98,98,98,5865
olivia.hxlmes,94,94,94,94,94,94,94,94,1596
olivia_ann_morris,112,112,112,112,112,112,112,112,246
paaticzka,6,6,6,6,6,6,6,6,1962
paaticzka,6,6,6,6,6,6,6,6,1962
paynejack_,249,249,249,249,249,249,249,249,235
penninm7,656,656,656,656,656,656,656,656,8077
pernillaottosson,763,763,763,763,763,763,763,763,2708
ra.allexandra,68,68,68,68,68,68,68,68,4504
raul_k07,374,374,374,374,374,374,374,374,5387
rebecca.lxx,11,11,11,11,11,11,11,11,280
rhian_nicola7,1291,1291,1291,1291,1291,1291,1291,1291,1387
rhian_nicola7,1291,1291,1291,1291,1291,1291,1291,1291,1387
rungymyoga,59,59,59,59,59,59,59,59,1617
sadiemaltby,129,129,129,129,129,129,129,129,2410
sammigrundyx,125,125,125,125,125,125,125,125,1186
sasseekassblog,121,121,121,121,121,121,121,121,1192
satuzainen,471,471,471,471,471,471,471,471,2911
sgtguerrero.usmc,101,101,101,101,101,101,101,101,2348
shieeef,90,90,90,90,90,90,90,90,1643
shulinsciene,115,115,115,115,115,115,115,115,768
skoneczs,310,310,310,310,310,310,310,310,1657
skylerstorywwe,670,670,670,670,670,670,670,670,115698
slmlmg,621,621,621,621,621,621,621,621,2256
sorayaeckes,565,565,565,565,565,565,565,565,324766
the_aesthete_girl,17,17,17,17,17,17,17,17,80
theesarahpowell,296,296,296,296,296,296,296,296,18068
thenorthernist,324,324,324,324,324,324,324,324,3548
tobypastures,61,61,61,61,61,61,61,61,311
tsamneb,196,196,196,196,196,196,196,196,1572
vickymaythebirdofprey,99,99,99,99,99,99,99,99,182
vickywintgen,138,138,138,138,138,138,138,138,4234
vikki.holt.xx,60,60,60,60,60,60,60,60,2116
wheres.lea,632,632,632,632,632,632,632,632,18192
yazminesamthevegan,407,407,407,407,407,407,407,407,1317
yuka.ohnox,40,40,40,40,40,40,40,40,1170
yuka.ohnox,40,40,40,40,40,40,40,40,1170
zackm_96,633,633,633,633,633,633,633,633,3460
zombimo,1335,1335,1335,1335,1335,1335,1335,1335,6461
zsuzsanna_petho,380,380,380,380,380,380,380,380,2361
