,Username,Post Count,Post Count.1,Post Count.1.1,Post Count.1.1.1,Post Count.1.1.1.1,Post Count.1.1.1.1.1,Post Count.1.1.1.1.1.1,Post Count.1.1.1.1.1.1.1,Follower Count,First_image,Last_image,Posts_per_day
0,24mao,1616,1616,1616,1616,1616,1616,1616,1616,2894,2013-01-01,2021-04-21,0.53
1,_.denise.marie._,721,721,721,721,721,721,721,721,16573,2016-05-31,2021-03-08,0.41
2,__callmedana,542,542,542,542,542,542,542,542,4385,2012-07-25,2021-03-13,0.17
3,__mell.y.__,224,224,224,224,224,224,224,224,2233,2015-08-25,2021-03-15,0.11
4,_jovvita_,99,99,99,99,99,99,99,99,1123,2017-04-28,2021-03-08,0.07
5,_kasia9004_,2,2,2,2,2,2,2,2,2199,2021-02-23,2021-02-25,1.0
6,_mafact_,301,301,301,301,301,301,301,301,5087,2017-01-22,2021-03-08,0.2
7,abi_dickmann,51,51,51,51,51,51,51,51,1025,2020-02-03,2021-03-14,0.13
8,abi_lou89,187,187,187,187,187,187,187,187,1625,2016-09-16,2021-05-03,0.11
9,adamrollo,306,306,306,306,306,306,306,306,1162,2012-04-16,2021-03-14,0.09
10,adutchrobin,63,63,63,63,63,63,63,63,5167,2012-10-14,2021-05-01,0.02
11,alinabarsx,259,259,259,259,259,259,259,259,1660,2017-10-14,2021-04-20,0.2
12,alisawinkler,343,343,343,343,343,343,343,343,8711,2017-03-19,2021-03-15,0.24
13,amandabaldin,529,529,529,529,529,529,529,529,19423,2013-02-07,2021-05-03,0.18
14,ana_bistis_g,1059,1059,1059,1059,1059,1059,1059,1059,1867,2015-10-31,2021-05-02,0.53
15,andrewbylina,21,21,21,21,21,21,21,21,270,2018-02-14,2020-11-23,0.02
16,angelo.carlucci,563,563,563,563,563,563,563,563,652490,2017-09-08,2021-05-04,0.42
17,aniamosiejczuk,25,25,25,25,25,25,25,25,95156,2020-05-11,2021-05-01,0.07
18,anitarunner,1061,1061,1061,1061,1061,1061,1061,1061,3201,2013-05-24,2021-04-30,0.37
19,annafinessi,131,131,131,131,131,131,131,131,1031,2016-08-15,2021-05-03,0.08
20,anushree.bhattacharya_,107,107,107,107,107,107,107,107,142748,2019-12-15,2021-04-29,0.21
21,anwaythisside,42,42,42,42,42,42,42,42,306,2018-07-13,2021-03-02,0.04
22,apriljjackson,1016,1016,1016,1016,1016,1016,1016,1016,3260,2012-10-14,2021-03-08,0.33
23,apurdygoldendoodle,69,69,69,69,69,69,69,69,168,2020-11-07,2021-03-03,0.59
24,bambergbob,181,181,181,181,181,181,181,181,378,2015-09-08,2021-02-21,0.09
25,beccaejohns,677,677,677,677,677,677,677,677,1081,2012-07-04,2021-05-03,0.21
26,benfish_,87,87,87,87,87,87,87,87,158,2015-07-24,2021-01-23,0.04
27,benrussell47photography,199,199,199,199,199,199,199,199,210,2020-08-14,2021-03-15,0.93
28,cakesncycles,65,65,65,65,65,65,65,65,2648,2020-06-18,2021-03-15,0.24
29,carolina_uk_,206,206,206,206,206,206,206,206,11386,2013-02-08,2021-03-08,0.07
30,chris_momo_lifestyle,477,477,477,477,477,477,477,477,6530,2017-06-29,2021-04-30,0.34
31,clemence.rvlln,94,94,94,94,94,94,94,94,1867,2015-11-22,2021-02-22,0.05
32,crazee_canadia,203,203,203,203,203,203,203,203,71,2017-06-22,2021-03-14,0.15
33,cristinacristea27,117,117,117,117,117,117,117,117,21053,2016-04-17,2021-05-03,0.06
34,czarnula19coco,200,200,200,200,200,200,200,200,116809,2017-02-26,2021-04-30,0.13
35,dallafit_doza,1454,1454,1454,1454,1454,1454,1454,1454,21611,2012-09-23,2021-04-29,0.46
36,danamly,641,641,641,641,641,641,641,641,107054,2016-10-24,2021-04-30,0.39
37,danijelaknezevic,25,25,25,25,25,25,25,25,2531,2016-11-18,2021-05-01,0.02
38,darrsea,325,325,325,325,325,325,325,325,6401,2016-02-18,2021-03-08,0.18
39,datcassdoeee,209,209,209,209,209,209,209,209,92719,2014-11-21,2021-04-29,0.09
40,definitelyfrench,108,108,108,108,108,108,108,108,12243,2020-03-15,2021-03-13,0.3
41,deniskozhukhovofficial,46,46,46,46,46,46,46,46,73837,2020-08-28,2021-04-28,0.19
42,dionedanielle,952,952,952,952,952,952,952,952,18249,2014-06-24,2021-03-11,0.39
43,doctor.gerardo,478,478,478,478,478,478,478,478,23524,2013-01-01,2021-05-03,0.16
44,dr.hoomir,24,24,24,24,24,24,24,24,188,2019-02-11,2021-01-27,0.03
45,ecenayman,460,460,460,460,460,460,460,460,4183,2012-03-13,2021-03-05,0.14
46,eela.ne,10,10,10,10,10,10,10,10,1120,2020-07-27,2021-03-15,0.04
47,elisafrompisa,315,315,315,315,315,315,315,315,345,2014-03-10,2020-11-11,0.13
48,evarbcast,471,471,471,471,471,471,471,471,756,2020-08-18,2021-05-04,1.82
49,evarbcast,471,471,471,471,471,471,471,471,756,2020-08-18,2021-05-04,1.82
50,forgoodnesskate,631,631,631,631,631,631,631,631,24452,2013-04-10,2021-03-15,0.22
51,fran.ncesca,47,47,47,47,47,47,47,47,2729,2017-03-28,2021-05-05,0.03
52,franco.corleonee,103,103,103,103,103,103,103,103,1402,2019-01-16,2021-03-07,0.13
53,gennitran,70,70,70,70,70,70,70,70,2869,2020-08-19,2021-03-14,0.34
54,giancarlomir,380,380,380,380,380,380,380,380,1308,2016-01-28,2021-03-15,0.2
55,hannah_woodcock,1795,1795,1795,1795,1795,1795,1795,1795,10832,2013-03-02,2021-05-01,0.6
56,hannahlhawkins,135,135,135,135,135,135,135,135,574,2015-04-27,2021-03-11,0.06
57,hanuhkate,256,256,256,256,256,256,256,256,1035,2017-01-23,2021-02-27,0.17
58,hleejla,124,124,124,124,124,124,124,124,1452,2018-05-02,2021-05-01,0.11
59,intibint,37,37,37,37,37,37,37,37,9496,2018-06-07,2021-03-26,0.04
60,iphy17,615,615,615,615,615,615,615,615,8224,2012-08-10,2021-04-13,0.19
61,irisdy01,366,366,366,366,366,366,366,366,245,2018-09-23,2021-03-08,0.41
62,itsbeyzo,59,59,59,59,59,59,59,59,102359,2020-02-22,2021-03-21,0.15
63,jaimiegardner,453,453,453,453,453,453,453,453,10695,2012-11-11,2021-04-30,0.15
64,jonathanmillerjam,56,56,56,56,56,56,56,56,99,2020-07-14,2021-03-08,0.24
65,jonjohnieee,93,93,93,93,93,93,93,93,266,2017-08-13,2021-03-15,0.07
66,jony_yagua,619,619,619,619,619,619,619,619,10588,2014-10-27,2021-05-02,0.26
67,joshualindeberg,375,375,375,375,375,375,375,375,546,2016-12-06,2021-03-06,0.24
68,julesrees19,307,307,307,307,307,307,307,307,2216,2017-03-13,2021-05-03,0.2
69,just_anemarie_photography,358,358,358,358,358,358,358,358,9140,2019-05-09,2021-05-04,0.49
70,kamalrazvi,999,999,999,999,999,999,999,999,481,2018-01-13,2021-03-15,0.86
71,katemariexo1,427,427,427,427,427,427,427,427,1037,2012-12-13,2021-03-06,0.14
72,kirikaija,70,70,70,70,70,70,70,70,15686,2017-11-19,2021-05-04,0.06
73,kirkilou7,1096,1096,1096,1096,1096,1096,1096,1096,1547,2013-10-18,2021-03-14,0.41
74,kiwibear_,13,13,13,13,13,13,13,13,1970,2015-08-12,2021-03-12,0.01
75,kristy.ehmer,74,74,74,74,74,74,74,74,2452,2019-10-30,2021-03-08,0.15
76,kuzniarska_acha,17,17,17,17,17,17,17,17,2106,2017-07-15,2021-05-04,0.01
77,lallaboooo,509,509,509,509,509,509,509,509,835,2014-04-02,2021-03-08,0.2
78,laurengracelife,1459,1459,1459,1459,1459,1459,1459,1459,40307,2014-08-10,2021-05-02,0.59
79,laurennoneill,391,391,391,391,391,391,391,391,2720,2012-09-28,2021-03-08,0.13
80,laurentessa12,428,428,428,428,428,428,428,428,11362,2018-07-15,2021-04-30,0.42
81,ldnbyshane,433,433,433,433,433,433,433,433,6119,2019-05-16,2021-05-04,0.6
82,lewis_jackson97,104,104,104,104,104,104,104,104,3641,2017-03-28,2021-03-08,0.07
83,liss.pups,178,178,178,178,178,178,178,178,1773,2019-06-14,2021-05-04,0.26
84,lola.roses,281,281,281,281,281,281,281,281,4377,2018-02-09,2021-04-29,0.24
85,londonviewpoints,3073,3073,3073,3073,3073,3073,3073,3073,137727,2014-11-25,2021-04-30,1.31
86,lopezzemelie,1,1,1,1,1,1,1,1,1400,2021-03-12,2021-03-12,inf
87,lozzy_locks,518,518,518,518,518,518,518,518,5506,2014-06-19,2021-05-02,0.21
88,lucia.v.83,381,381,381,381,381,381,381,381,1237,2015-12-14,2021-03-04,0.2
89,lucia.v.83,381,381,381,381,381,381,381,381,1237,2015-12-14,2021-03-04,0.2
90,maddie.in.motion,214,214,214,214,214,214,214,214,961,2015-07-19,2021-03-07,0.1
91,manontravelaroundx,33,33,33,33,33,33,33,33,6362,2019-09-06,2021-04-30,0.05
92,manuelfrigerio.real,107,107,107,107,107,107,107,107,4111,2020-09-20,2021-04-29,0.48
93,mariaannagialdi,51,51,51,51,51,51,51,51,2962,2020-06-21,2021-03-11,0.19
94,marisemeniuk,8,8,8,8,8,8,8,8,2748,2020-06-23,2021-05-03,0.03
95,mary_underheaven,117,117,117,117,117,117,117,117,457,2015-09-20,2021-02-13,0.06
96,mayal_ondon,53,53,53,53,53,53,53,53,12390,2021-01-04,2021-03-02,0.93
97,melaniehfl,448,448,448,448,448,448,448,448,73776,2015-06-23,2021-05-04,0.21
98,melhrn_,68,68,68,68,68,68,68,68,1834,2017-03-12,2021-03-15,0.05
99,meredithtx,1216,1216,1216,1216,1216,1216,1216,1216,10607,2013-11-17,2021-04-29,0.45
100,mers8655,40,40,40,40,40,40,40,40,86,2021-02-22,2021-03-15,1.9
101,mo.n.i.e,731,731,731,731,731,731,731,731,10298,2018-03-05,2021-05-05,0.63
102,moi_taiga,44,44,44,44,44,44,44,44,528,2016-07-26,2021-02-15,0.03
103,nadine_r_1207,138,138,138,138,138,138,138,138,4767,2016-10-30,2021-04-30,0.08
104,nataliereneekirk,701,701,701,701,701,701,701,701,101956,2013-05-11,2021-04-30,0.24
105,nnfsnapshots,382,382,382,382,382,382,382,382,2866,2019-07-05,2021-05-04,0.57
106,odh_xx,98,98,98,98,98,98,98,98,5865,2017-06-07,2021-03-15,0.07
107,olivia.hxlmes,94,94,94,94,94,94,94,94,1596,2015-08-02,2021-03-02,0.05
108,olivia_ann_morris,112,112,112,112,112,112,112,112,246,2015-10-25,2020-12-31,0.06
109,paaticzka,6,6,6,6,6,6,6,6,1962,2021-02-27,2021-05-03,0.09
110,paaticzka,6,6,6,6,6,6,6,6,1962,2021-02-27,2021-05-03,0.09
111,paynejack_,249,249,249,249,249,249,249,249,235,2012-01-02,2021-02-27,0.07
112,penninm7,656,656,656,656,656,656,656,656,8077,2015-08-26,2021-05-05,0.32
113,pernillaottosson,763,763,763,763,763,763,763,763,2708,2012-09-08,2021-05-03,0.24
114,ra.allexandra,68,68,68,68,68,68,68,68,4504,2019-11-01,2021-04-29,0.12
115,raul_k07,374,374,374,374,374,374,374,374,5387,2017-08-16,2021-05-03,0.28
116,rebecca.lxx,11,11,11,11,11,11,11,11,280,2016-11-04,2019-04-09,0.01
117,rhian_nicola7,1291,1291,1291,1291,1291,1291,1291,1291,1387,2013-04-01,2021-05-04,0.44
118,rhian_nicola7,1291,1291,1291,1291,1291,1291,1291,1291,1387,2013-04-01,2021-05-04,0.44
119,rungymyoga,59,59,59,59,59,59,59,59,1617,2020-04-19,2021-03-08,0.18
120,sadiemaltby,129,129,129,129,129,129,129,129,2410,2017-06-12,2021-05-04,0.09
121,sammigrundyx,125,125,125,125,125,125,125,125,1186,2014-07-27,2021-05-03,0.05
122,sasseekassblog,121,121,121,121,121,121,121,121,1192,2020-09-28,2021-03-08,0.75
123,satuzainen,471,471,471,471,471,471,471,471,2911,2015-07-03,2021-04-30,0.22
124,sgtguerrero.usmc,101,101,101,101,101,101,101,101,2348,2018-11-18,2021-04-29,0.11
125,shieeef,90,90,90,90,90,90,90,90,1643,2015-02-02,2021-04-30,0.04
126,shulinsciene,115,115,115,115,115,115,115,115,768,2019-09-28,2021-03-15,0.22
127,skoneczs,310,310,310,310,310,310,310,310,1657,2015-03-15,2021-05-04,0.14
128,skylerstorywwe,670,670,670,670,670,670,670,670,115698,2014-07-02,2021-05-01,0.27
129,slmlmg,621,621,621,621,621,621,621,621,2256,2016-01-06,2021-05-03,0.32
130,sorayaeckes,565,565,565,565,565,565,565,565,324766,2017-02-09,2021-02-14,0.39
131,the_aesthete_girl,17,17,17,17,17,17,17,17,80,2017-01-04,2021-03-08,0.01
132,theesarahpowell,296,296,296,296,296,296,296,296,18068,2015-09-28,2021-05-02,0.14
133,thenorthernist,324,324,324,324,324,324,324,324,3548,2017-02-19,2021-04-22,0.21
134,tobypastures,61,61,61,61,61,61,61,61,311,2014-02-24,2021-02-06,0.02
135,tsamneb,196,196,196,196,196,196,196,196,1572,2012-03-23,2021-03-06,0.06
136,vickymaythebirdofprey,99,99,99,99,99,99,99,99,182,2020-10-28,2021-03-14,0.72
137,vickywintgen,138,138,138,138,138,138,138,138,4234,2016-07-26,2021-03-15,0.08
138,vikki.holt.xx,60,60,60,60,60,60,60,60,2116,2020-10-26,2021-05-04,0.32
139,wheres.lea,632,632,632,632,632,632,632,632,18192,2015-12-06,2021-05-03,0.32
140,yazminesamthevegan,407,407,407,407,407,407,407,407,1317,2017-02-22,2021-04-24,0.27
141,yuka.ohnox,40,40,40,40,40,40,40,40,1170,2020-10-07,2021-05-03,0.19
142,yuka.ohnox,40,40,40,40,40,40,40,40,1170,2020-10-07,2021-05-03,0.19
143,zackm_96,633,633,633,633,633,633,633,633,3460,2015-01-09,2021-04-30,0.27
144,zombimo,1335,1335,1335,1335,1335,1335,1335,1335,6461,2013-03-05,2021-05-01,0.45
145,zsuzsanna_petho,380,380,380,380,380,380,380,380,2361,2012-12-31,2021-03-15,0.13
